Full Name,Phone,Email,Age,Experience,Yearly Income,Has children,License states,Expiration date,License number
Calhoun Ranahan,+1 334 107 9024,cranahan0@prnewswire.com,25,9,747639.53,TRUE,AL,8/15/2020,4jy202
Kelcy Stewart,+1 321 377 1409,kstewart1@economist.com,39,9,958422.67,FALSE,FL,11/24/2020,8cs976
Whit De Dei,+1 212 911 1800,wde2@nymag.com,64,19,394881.36,TRUE,NY,1/16/2021,5yf990
Claude Shilston,+1 203 425 9232,wde2@nymag.com,40,10,208918.19,TRUE,CT,7/24/2020,6pn655
Shirlee Enefer,+1 413 827 1693,senefer4@wix.com,69,14,192823.92,TRUE,MA,5/7/2020,0yz837
Bat Paoletti,+1 951 363 1905,bpaoletti5@bbc.co.uk,69,6,959172.04,TRUE,CA,3/27/2020,0qh304
Zachery Littlejohn,+1 405 325 2670,zlittlejohn6@pinterest.com,53,2,186938.61,TRUE,OK,12/21/2020,9tm421
Munroe Cumberbatch,+1 954 814 0534,mcumberbatch7@devhub.com,27,7,450494.5,TRUE,FL,1/17/2021,6dk901
Neill McLeoid,+1 808 739 2132,nmcleoid8@github.io,28,8,257377.55,FALSE,HI,2/27/2020,1er317
Hansiain Thrussell,+1 954 814 0534,hthrussell9@exblog.jp,38,8,283336.03,FALSE,AZ,8/28/2020,1zh684
Worthington Sewell,+1 410 474 0785,wsewella@tmall.com,29,1,953755.61,TRUE,MD,6/5/2020,7hr068
Randolph Kissick,+1 215 867 9018,rkissickb@paypal.com,58,14,550639.45,FALSE,PA,5/5/2020,4px153
Ingar Hourston,+1 615 262 6340,ihourstonc@reference.com,64,18,944947.65,FALSE,TN,11/15/2020,7io412
Carling Gimeno,+1 773 915 1935,cgimenod@va.gov,64,3,846941.28,FALSE,IL,12/8/2020,4wy937
Meredith Ziem,+1 313 901 1358,mzieme@ifeng.com,52,14,811343.4,FALSE,MI,9/17/2020,8yu289
Franny Prince,+1 915 696 5841,fprincef@house.gov,33,13,576543.81,TRUE,TX,5/21/2020,3hf838
Boycey Bollard,+1 865 233 8361,bbollardg@youtu.be,38,0,896989.19,FALSE,TN,1/2/2021,6hd214
Laughton Leeke,+1 248 415 8427,lleekeh@rediff.com,61,0,465133.2,FALSE,MI,1/1/2021,9uh065
Angeline Gannicleff,+1 225 868 4585,agannicleffi@ucoz.com,29,8,272814.22,TRUE,LA,12/15/2020,5ie591
Lexy Bunhill,+1 213 843 5056,lbunhillj@paypal.com,22,9,665029.21,TRUE,CA,2/12/2020,3hz493
Sada Proback,+1 203 339 4246,sprobackk@slate.com,57,19,289453.32,TRUE,CT,1/31/2021,1uf485
Bobbi Stringer,+1 509 269 0843,bstringerl@netscape.com,36,6,41424.01,TRUE,WA,8/13/2020,2ox896
Adolpho Graben,+1 813 178 1069,agrabenm@buzzfeed.com,60,8,824049,TRUE,FL,7/4/2020,9og741
Fanny Brinkworth,+1 907 112 8112,fbrinkworthn@unesco.org,65,20,299400.24,TRUE,AK,11/23/2020,6lc446
Tobe Eberz,+1 763 565 6345,teberzo@cdc.gov,65,0,485994.04,FALSE,MN,4/27/2020,2ay237
Farr Timby,+1 336 528 4478,ftimbyp@upenn.edu,48,8,824443.75,FALSE,NC,1/3/2021,8ct279
Maiga Stuckey,+1 713 502 8893,mstuckeyq@examiner.com,62,4,629037.1,FALSE,TX,8/31/2020,2vt501
Jason Wichard,+1 727 790 8623,jwichardr@godaddy.com,48,21,539208.24,TRUE,FL,4/29/2020,0tn943
Sibelle Josham,+1 816 570 5656,sjoshams@dedecms.com,67,16,940127.64,TRUE,MO,11/4/2020,3qq134
Martin Cure,+1 214 932 8795,mcuret@usda.gov,35,18,999119.03,TRUE,TX,2/15/2020,7yf829
Glenna Ferenczi,+1 682 807 7595,gferencziu@uiuc.edu,47,0,12899.85,TRUE,TX,9/2/2020,4wi095
Kelcey Mapis,+1 508 926 1340,kmapisv@unicef.org,34,15,497588,FALSE,MA,5/23/2020,8fv548
Seka Dericot,+1 405 236 5352,sdericotw@so-net.ne.jp,36,4,287124.98,TRUE,OK,3/26/2020,2vc513
Dolly Tolman,+1 216 973 3850,dtolmanx@dropbox.com,53,13,787859.73,TRUE,OH,9/10/2020,6lr868
Barbabra Lenahan,+1 650 535 1359,blenahany@slashdot.org,23,19,250360.48,FALSE,CA,10/27/2020,9jn356
Adham Jeffers,+1 309 690 2150,ajeffersz@360.cn,60,10,281543.14,TRUE,IL,2/16/2020,0oz710
Lannie Meneghi,+1 317 270 5276,lmeneghi10@accuweather.com,32,16,148842.67,TRUE,IN,6/29/2020,2bp433
Betta Sedwick,+1 806 413 0118,bsedwick11@4shared.com,57,6,255899.34,FALSE,TX,8/4/2020,8rv844
Somerset Sharpus,+1 562 548 1245,ssharpus12@about.com,38,18,708635.88,TRUE,CA,6/17/2020,6yd073
Milo Dimanche,+1 434 381 2740,mdimanche13@printfriendly.com,64,12,332574.12,TRUE,VA,1/10/2021,8op710
Vilhelmina Graveney,+1 682 956 7301,vgraveney14@weather.com,27,13,768546.84,TRUE,TX,11/23/2020,5ni027
Tildi Lyston,+1 717 420 7856,tlyston15@harvard.edu,44,1,481554.67,FALSE,PA,7/19/2020,8ei827
Aguistin Blaymires,+1 410 503 1303,ablaymires16@paginegialle.it,44,9,384468.46,TRUE,MD,11/18/2020,6xg347
Belia Ramberg,+1 626 911 7561,bramberg17@e-recht24.de,29,13,986635.65,FALSE,CA,9/15/2020,8ch983
Victoria Fernez,+1 570 239 2900,vfernez18@sciencedirect.com,33,4,11550.73,FALSE,PA,1/6/2021,2dq504
Ingrim Digby,+1 202 465 2301,idigby19@netvibes.com,28,19,92586.49,FALSE,DC,1/16/2021,7kc861
Kiah Simmans,+1 518 324 2787,ksimmans1a@sina.com.cn,46,11,295642.82,FALSE,NY,12/9/2020,9nh480
Park Vince,+1 918 749 1854,pvince1b@china.com.cn,56,5,596443.77,FALSE,OK,8/30/2020,3yd760
Christophe Fildes,+1 314 153 8885,cfildes1c@bigcartel.com,51,19,920246.52,FALSE,MO,6/10/2020,1ex542
Nick Touzey,+1 260 957 7912,ntouzey1d@homestead.com,42,9,33459.58,FALSE,IN,6/13/2020,7gk456
Bonita Preddy,+1 212 340 3302,bpreddy1e@harvard.edu,54,4,888423.41,TRUE,NY,9/3/2020,8qj518
Gretel Widdall,+1 972 609 7333,gwiddall1f@apache.org,57,1,104270.03,TRUE,TX,11/26/2020,3pp347
Zorah Turtle,+1 786 786 3910,zturtle1g@biblegateway.com,62,17,6441.28,FALSE,FL,11/13/2020,1qj453
Evita Rubbert,+1 414 430 7916,erubbert1h@cbslocal.com,59,17,426624.73,TRUE,WI,5/1/2020,4zl769
Mead Siege,+1 570 787 3598,msiege1i@intel.com,48,18,531799.18,FALSE,PA,9/6/2020,7sa261
Candra Naper,+1 619 285 2062,cnaper1j@360.cn,27,1,23436.9,FALSE,CA,8/7/2020,9at616
Felicia Fereday,+1 315 745 1099,ffereday1k@jigsy.com,35,15,227151.52,TRUE,NY,11/2/2020,0ts344
Maryanne Stother,+1 505 939 4544,mstother1l@latimes.com,29,4,348896.57,TRUE,NM,6/8/2020,0dh381
Anabal Bertram,+1 513 266 2545,abertram1m@indiatimes.com,21,20,945719.88,FALSE,OH,5/16/2020,9pm598
Jaynell Kalisz,+1 623 596 6589,jkalisz1n@canalblog.com,47,18,37884.38,TRUE,AZ,7/3/2020,7vg353
Anallese Scragg,+1 212 565 7778,ascragg1o@edublogs.org,23,17,605249.22,TRUE,NY,1/24/2021,1kl376
Patricia Rannald,+1 303 438 1556,prannald1p@flavors.me,26,14,575439.15,FALSE,CO,7/10/2020,0ll095
Siffre Iacovolo,+1 773 749 6160,siacovolo1q@ycombinator.com,29,5,476354.69,FALSE,IL,8/30/2020,0cq989
Marquita Maggiori,+1 570 874 2240,mmaggiori1r@devhub.com,46,13,938990.62,FALSE,PA,4/27/2020,7mn305
Anet Wixon,+1 818 972 4792,awixon1s@cdc.gov,39,18,279414.43,TRUE,CA,1/14/2021,5ud580
Marys Baytrop,+1 406 197 2314,mbaytrop1t@t-online.de,51,12,32417.46,FALSE,MT,4/23/2020,6lb201
Lela Blasetti,+1 979 767 9892,lblasetti1u@facebook.com,64,5,935958.39,TRUE,TX,7/22/2020,0vv627
Natala Roze,+1 772 515 1724,nroze1v@godaddy.com,49,8,515661.32,FALSE,FL,10/17/2020,3yr257
Chaddy Andriesse,+1 570 404 9957,candriesse1w@newsvine.com,40,1,771384.65,FALSE,PA,8/21/2020,9yn663
Valida Chesnay,+1 910 239 5755,vchesnay1x@howstuffworks.com,53,21,879116.13,TRUE,NC,7/12/2020,0dp897
Simone Boyett,+1 404 311 7362,sboyett1y@simplemachines.org,41,4,28729.14,FALSE,GA,9/11/2020,8ny387
Liam Maggorini,+1 202 228 8414,lmaggorini1z@comsenz.com,69,8,559751.32,FALSE,DC,9/21/2020,6be176
Mina Sizey,+1 336 850 7861,msizey20@salon.com,64,11,664250,TRUE,NC,12/27/2020,9yl531
Raoul Yglesia,+1 212 751 0258,ryglesia21@trellian.com,64,11,783960.52,FALSE,NY,10/6/2020,6xu422
Claire Seamer,+1 240 647 4235,cseamer22@de.vu,39,21,220318.65,FALSE,MD,10/10/2020,0hm498
Gradey Sweetsur,+1 517 401 8922,gsweetsur23@plala.or.jp,57,6,93288.44,FALSE,MI,10/18/2020,4qu936
Bevan Cunniff,+1 216 761 5251,bcunniff24@mayoclinic.com,61,17,471540.89,FALSE,OH,7/4/2020,5vk216
Celesta Bennell,+1 330 633 5466,cbennell25@usatoday.com,28,10,652886.87,TRUE,OH,3/26/2020,7bq359
Etienne Grimestone,+1 678 986 4799,egrimestone26@dailymail.co.uk,52,7,772232.16,FALSE,GA,11/12/2020,4ox294
Delcina Korous,+1 765 326 4016,dkorous27@java.com,28,18,195459.32,TRUE,IN,5/19/2020,2jy282
Ric Goudy,+1 478 570 7270,rgoudy28@icq.com,38,13,977550.17,FALSE,GA,8/29/2020,6qz842
Alexandra Dundon,+1 423 236 9230,adundon29@unc.edu,52,17,895732.82,FALSE,TN,3/4/2020,1au597
Sayers Shakesby,+1 701 290 5715,sshakesby2a@buzzfeed.com,37,10,550139.88,FALSE,ND,12/14/2020,9tc394
Culver Ansteys,+1 714 200 2850,cansteys2b@foxnews.com,39,16,629612.44,FALSE,CA,5/5/2020,1nq125
Christopher Doggrell,+1 909 330 6551,cdoggrell2c@clickbank.net,51,21,53280.25,FALSE,CA,3/28/2020,6bc844
Hayyim Pittam,+1 215 312 9560,hpittam2d@telegraph.co.uk,44,19,589318.76,TRUE,PA,10/20/2020,6ve790
Christel Burford,+1 713 190 9782,cburford2e@house.gov,63,7,40405.78,TRUE,TX,11/17/2020,2cq780
Estell Godball,+1 305 111 7259,egodball2f@tamu.edu,27,4,885846.15,FALSE,FL,9/22/2020,7if261
Valli Bedburrow,+1 763 771 6012,vbedburrow2g@addthis.com,66,8,403775.8,TRUE,MN,4/29/2020,5zj065
Sherye Bock,+1 256 502 6215,sbock2h@miibeian.gov.cn,47,15,996388.94,FALSE,AL,3/31/2020,0kb609
Eamon Smy,+1 605 302 3576,esmy2i@imageshack.us,57,19,566634.64,TRUE,SD,10/29/2020,9qa378
Erhart Durrand,+1 269 463 9034,edurrand2j@yellowbook.com,45,8,698644.48,FALSE,MI,10/17/2020,1hn942
Goldina Evelyn,+1 614 859 3534,gevelyn2k@taobao.com,28,3,746198.86,TRUE,OH,4/4/2020,8ji329
Ansley Longforth,+1 313 648 7978,alongforth2l@sogou.com,53,11,673949.72,FALSE,MI,5/25/2020,9hz682
Regan Cobson,+1 202 869 3792,rcobson2m@reverbnation.com,22,0,521982.7,TRUE,DC,12/10/2020,7ce387
Tybie Lamble,+1 504 584 1923,tlamble2n@state.gov,50,11,607455.85,TRUE,LA,11/11/2020,0xl656
Coretta Sibyllina,+1 601 227 9543,csibyllina2o@jiathis.com,23,18,837670.39,FALSE,MS,7/20/2020,4kv403
Daron Tellesson,+1 614 480 3798,dtellesson2p@huffingtonpost.com,68,21,466816.02,TRUE,OH,12/30/2020,6vn759
Ronny Gingles,+1 405 263 2250,rgingles2q@hugedomains.com,35,4,929728.92,TRUE,OK,5/6/2020,5qo001
